{"Alpine": [39.1270459, -94.5776875], 
"Ararat": [39.70243929999999, 44.2990761], 
"Ballarat": [-37.5621587, 143.8502556], 
"Banyule": [-37.7314254, 145.082419], 
"Bass Coast": [50.0831996, -120.7882554], 
"Baw Baw": [-37.8383333, 146.2736111], 
"Bayside": [41.5263549, -82.8310332], 
"Benalla": [-36.5462177, 145.963353], 
"Boroondara": [-37.8119024, 145.0713904], 
"Brimbank": [-37.7594793, 144.8071366], 
"Buloke": [-36.1736195, 143.2180495], 
"Campaspe": [-36.1239498, 144.7491594], 
"Cardinia": [-38.1134884, 145.5801757], 
"Casey": [37.0328468, -95.63755320000001], 
"Central Goldfields": [-36.9802447, 143.6935405], 
"Colac-Otway": [-38.483006, 143.6501903], 
"Corangamite": [-38.1491105, 143.1319209], 
"Darebin": [-37.727768, 145.016269], 
"East Gippsland": [-37.4975957, 148.1892921], 
"Frankston": [32.0526614, -95.50634559999999], 
"Gannawarra": [-35.6867808, 144.1128981], 
"Glen Eira": [-37.9034811, 145.0383133], 
"Glenelg": [39.2682882, -76.9943449], 
"Golden Plains": [37.3400114, -95.2817275], 
"Greater Bendigo": [-36.7948261, 144.3467152], 
"Greater Dandenong": [-38.00611079999999, 145.2038278], 
"Greater Geelong": [-37.9697434, 144.3904526], 
"Greater Shepparton": [-36.3914888, 145.402868], 
"Hepburn": [38.915885, -77.044597], 
"Hindmarsh": [-34.9058302, 138.570272], 
"Hobsons Bay": [-37.8360799, 144.8401227], 
"Horsham": [40.1784422, -75.1285061], 
"Hume": [38.97112449999999, -95.23314649999999], 
"Indigo": [34.7671954, -92.458891], 
"Kingston": [41.9270367, -73.9973608], 
"Knox": [37.4744872, -93.6104816], 
"Latrobe": [40.3211808, -79.37948109999999], 
"Loddon": [52.532432, 1.483164], 
"Macedon Ranges": [-37.3663141, 144.6972774], 
"Manningham": [-37.7668506, 145.1596592], 
"Mansfield": [32.5631924, -97.1416768], 
"Maribyrnong": [-37.7950697, 144.8841246], 
"Maroondah": [-37.80966, 145.2590707], 
"Melbourne": [-37.8136276, 144.9630576], 
"Melton": [52.104856, 1.330878], 
"Mildura": [-34.2080167, 142.1245535], 
"Mitchell": [39.7616533, -105.2318444], 
"Moira": [34.0013814, -118.1435374], 
"Monash": [-37.9109574, 145.1371751], 
"Moonee Valley": [-37.7465015, 144.9061342], 
"Moorabool": [-37.6334256, 144.1720041], 
"Moreland": [37.2990302, -121.9757487], 
"Mornington Peninsula": [-38.2854053, 145.093449], 
"Mount Alexander": [-37.0353437, 144.1720041], 
"Moyne": [52.8635824, -6.464255499999999], 
"Murrindindi": [-37.3617931, 145.5801757], 
"Nillumbik": [-37.597667, 145.2701235], 
"Northern Grampians": [-36.9044244, 142.9599661], 
"Port Phillip": [-37.8464983, 144.9666905], 
"Pyrenees": [45.50128609999999, -73.556123], 
"Queenscliffe": [-38.2551266, 144.6725792], 
"South Gippsland": [-38.5884838, 146.1142253], 
"Southern Grampians": [-37.4535972, 141.852273], 
"Stonnington": [34.135669, -118.1313777], 
"Strathbogie": [-36.879426, 145.7113079], 
"Surf Coast": [-38.3128176, 143.9976775], 
"Swan Hill": [-35.3396318, 143.5524803], 
"Towong": [-36.1303027, 147.9752136], 
"Wangaratta": [-36.3682777, 146.3172149], 
"Warrnambool": [-38.3686779, 142.4982086], 
"Wellington": [-41.2923814, 174.7787463], 
"West Wimmera": [-36.6091473, 141.1794546], 
"Whitehorse": [60.7211871, -135.0568448], 
"Whittlesea": [-37.5382852, 145.093449], 
"Wodonga": [-36.1240938, 146.8817639], 
"Wyndham": [36.1315636, -97.05009629999999], 
"Yarra": [-37.7979219, 144.9887218], 
"Yarra Ranges": [-37.7450808, 145.7133909], 
"Yarriambiack": [-35.9703773, 142.4465474]}